{
  "bssid": "b28ba99a8d2a",
  "estimated_lat": 36.31281061763301,
  "estimated_lon": 59.5263414104742,
  "ground_truth_lat": 36.312805555555556,
  "ground_truth_lon": 59.52636111111111,
  "distance_from_ground_truth_m": 1.8548439013658915,
  "initial_lat": 36.3127978,
  "initial_lon": 59.5263734,
  "initial_rule": "maximum_rss_sample",
  "rss_1m_dbm": -28.360791718620668,
  "path_loss_n": 3.216816335532521,
  "rmse_db": 8.53347351228568,
  "mae_db": 6.907841020902214,
  "success": true,
  "message": "`ftol` termination condition is satisfied."
}