MAE,RMSE,Precision,Recall,F1,Method,components
0.7342981322791206,0.926575965505439,0.06801801801801802,0.03540230284295167,0.046567143721494654,BayesianLatentFiltering,180
