MAE,RMSE,Precision,Recall,F1,Method
0.8122727061657699,1.0209640682297232,0.0006521739130434781,0.0005459508644222019,0.0005943536399199775,ItemMean
0.7541336580920004,0.9550107302128509,0.0751086956521739,0.06287534121929025,0.06844972758741873,Bias
0.8476807577292975,1.0405675722353516,0.1710869565217391,0.14322111010009098,0.15591877166864707,SVD-lite
0.7534255334081689,0.9522113302750271,0.07608695652173912,0.06369426751592355,0.0693412580480428,BayesianLatentFiltering
