MAE,RMSE,Precision,Recall,F1,Method
0.8212484563994469,1.0361178783666427,0.0,0.0,0.0,ItemMean
0.80117740531723,1.0090205948390294,0.0,0.0,0.0,Bias
0.9164389914445165,1.1115507978703807,0.0,0.0,0.0,SVD-lite
0.8176729065081919,1.027834313801264,0.11335470085470083,0.05475563812767714,0.07384208511630917,BayesianLatentFiltering
