iteration,FCM_objective
1,153.22193317007338
2,115.03731428572549
3,115.01428634657252
4,115.01222631416655
5,115.01198541673736
6,115.01195202804729
