MAE,RMSE,Precision,Recall,F1,Method
0.8285965772352148,1.0164659018750828,0.0,0.0,0.0,ItemMean
0.7985472851111848,0.9833454372200674,0.0,0.0,0.0,Bias
0.8479708384857426,1.030636635847206,0.0,0.0,0.0,SVD-lite
0.8020951159843055,0.9844332868016511,0.011204481792717085,0.039350713231677305,0.017442494276336543,BayesianLatentFiltering
