MAE,RMSE,Precision,Recall,F1,components
0.8125837543177283,0.995255987272214,0.010644257703081231,0.03738317757009344,0.016570369562502466,10
0.809129084789281,0.9922202311423064,0.011344537815126048,0.03984259714707327,0.017660525454795063,15
0.8020951159843055,0.9844332868016511,0.011204481792717085,0.039350713231677305,0.017442494276336543,20
0.8051128579242257,0.9866251723128453,0.010924369747899159,0.03836694540088537,0.017006431919419505,25
