MAE,RMSE,Precision,Recall,F1,Method
0.7851885462418999,0.9824065960588815,5.005005005005005e-05,2.6050259634254356e-05,3.426574180281605e-05,ItemMean
0.7368551646622975,0.9310538899359421,0.06880213546880214,0.03581042357722165,0.04710397368345968,Bias
0.8224129506659897,1.007855411140298,0.20824157490824158,0.10838644691825429,0.14256833160055946,SVD-lite
0.7345518992431032,0.926859247063841,0.06805138471805139,0.035419669682707836,0.04658998754966337,BayesianLatentFiltering
