MAE,RMSE,Precision,Recall,F1,Method
0.8122727061657699,1.0209640682297232,0.0006521739130434781,0.0005459508644222019,0.0005943536399199775,ItemMean
0.7541336580920004,0.9550107302128509,0.0751086956521739,0.06287534121929025,0.06844972758741873,Bias
0.8567097930433736,1.0520109222202565,0.15499999999999997,0.12975432211100998,0.14125804853838456,SVD-lite
0.786826047679517,0.9865525224589266,0.08456521739130433,0.07079162875341218,0.07706785537345141,BayesianLatentFiltering
