iteration,FCM_objective
1,575.162731016047
2,430.90446898224405
3,430.8748404623898
4,430.8726051934415
5,430.87188724232595
6,430.8715854250302
7,430.8714535418422
8,430.87139555301405
