MAE,RMSE,Precision,Recall,F1,Method
0.8122727061657699,1.0209640682297232,0.0,0.0,0.0,ItemMean
0.7541336580920004,0.9550107302128509,0.0,0.0,0.0,Bias
0.8567097930433736,1.0520109222202565,0.0,0.0,0.0,SVD-lite
0.786826047679517,0.9865525224589266,0.08456521739130433,0.07079162875341218,0.07706785537345141,BayesianLatentFiltering
