MAE,RMSE,Precision,Recall,F1,components
0.786978274798779,0.9865996344974467,0.07608695652173912,0.06369426751592355,0.0693412580480428,40
0.788038074977523,0.9887375402018961,0.07695652173913042,0.06442220200181982,0.07013372956859754,60
0.786826047679517,0.9865525224589266,0.08456521739130433,0.07079162875341218,0.07706785537345141,80
0.7899877380528743,0.9893230105146121,0.07902173913043477,0.06615104640582346,0.072015849429915,100
